Title,Price,Date
3 Out of 4 Voices in My Head If Penguins Have Knees Funny Animal T Shirt,19.99,2024-12-20
3 Out of 4 Voices in My Head If Penguins Have Knees Funny Animal T Shirt,19.99,2024-12-20
3 Out of 4 Voices in My Head If Penguins Have Knees Funny Animal T Shirt,19.99,2024-12-20
3 Out of 4 Voices in My Head If Penguins Have Knees Funny Animal T Shirt,19.99,2024-12-20
3 Out of 4 Voices in My Head If Penguins Have Knees Funny Animal T Shirt,19.99,2024-12-20
3 Out of 4 Voices in My Head If Penguins Have Knees Funny Animal T Shirt,19.99,2024-12-20
3 Out of 4 Voices in My Head If Penguins Have Knees Funny Animal T Shirt,19.99,2024-12-20
3 Out of 4 Voices in My Head If Penguins Have Knees Funny Animal T Shirt,19.99,2024-12-20
3 Out of 4 Voices in My Head If Penguins Have Knees Funny Animal T Shirt,19.99,2024-12-20
3 Out of 4 Voices in My Head If Penguins Have Knees Funny Animal T Shirt,19.99,2024-12-20
3 Out of 4 Voices in My Head If Penguins Have Knees Funny Animal T Shirt,19.99,2024-12-20
